,PdfSize,MetadataSize,Pages,XrefLength,TitleCharacters,isEncrypted,EmbeddedFiles,Images,Obj,Endobj,Stream,Endstream,Xref,Trailer,StartXref,PageNo,Encrypt,ObjStm,JS,Javascript,AA,OpenAction,Acroform,JBIG2Decode,RichMedia,Launch,EmbeddedFile,XFA,Colors
count,9721.0,9721.0,9721.0,9721.0,9721.0,10023.0,9721.0,9172.0,9229.0,9487.0,9482.0,9482.0,9482.0,9482.0,9482.0,9482.0,9482.0,9482.0,9482.0,9469.0,9469.0,9469.0,9469.0,9469.0,9469.0,9469.0,9469.0,9469.0,9459.0
mean,89.96646118164062,344.54150390625,3.5352330207824707,2813.43115234375,53.11809539794922,0.008081412750673452,0.024380207061767578,2.461622328826864,53.37111279661935,53.93085274586276,18.38768196105957,19.07319130985024,1.225585319552837,1.32925546169281,1.5221472263235605,3.4834423117485764,0.011073613539338112,1.6604092121124268,0.7908669057160936,1.021543985637343,0.3346710317879396,0.3335093462878868,0.4138768613369944,0.04593938113845179,0.00718132854578097,0.014151441546097793,0.5844334142992924,0.05723941282078361,2.271064519882202
std,450.81195068359375,1589.01806640625,12.06145191192627,18381.05859375,1375.6282958984375,0.08953716194579249,0.1911686807870865,15.14455296723693,139.75248490504163,243.9035041093607,36.04379653930664,77.21780842734407,1.3231436439673083,1.3009397983551025,1.3330460688958015,8.975913228955566,0.11881231516599655,7.823873996734619,5.131415996702418,5.194867688264766,5.744382714755425,0.5037646072446356,0.6819397967551302,0.5345099869918224,0.11140671635486844,0.1216453993048423,2.1239014776646092,0.2477137195338251,59.882568359375
min,0.0,4.0,0.0,0.0,0.0,0.0,0.0,0.0,0.0,0.0,0.0,0.0,0.0,0.0,0.0,0.0,0.0,0.0,0.0,0.0,0.0,0.0,0.0,0.0,0.0,0.0,0.0,0.0,0.0
25%,10.0,180.0,1.0,12.0,0.0,0.0,0.0,0.0,9.0,9.0,2.0,2.0,1.0,1.0,1.0,1.0,0.0,0.0,0.0,0.0,0.0,0.0,0.0,0.0,0.0,0.0,0.0,0.0,0.0
50%,38.0,268.0,1.0,22.0,0.0,0.0,0.0,0.0,19.0,19.0,5.0,5.0,1.0,1.0,1.0,1.0,0.0,0.0,0.0,0.0,0.0,0.0,0.0,0.0,0.0,0.0,0.0,0.0,0.0
75%,81.0,325.0,2.0,82.0,14.0,0.0,0.0,1.0,52.0,51.0,20.0,20.0,2.0,2.0,2.0,2.0,0.0,0.0,1.0,1.0,0.0,1.0,1.0,0.0,0.0,0.0,0.0,0.0,0.0
max,23816.0,77185.0,595.0,263987.0,76993.0,1.0,5.0,898.0,7076.0,19632.0,812.0,6668.0,46.0,46.0,68.0,200.0,2.0,600.0,404.0,404.0,213.0,12.0,8.0,14.0,4.0,2.0,17.0,5.0,5682.0
