,PdfSize,MetadataSize,Pages,XrefLength,TitleCharacters,isEncrypted,EmbeddedFiles,Stream,Trailer,Encrypt,ObjStm,Colors
count,10023.0,10023.0,10023.0,10023.0,10023.0,10023.0,10023.0,10023.0,10023.0,10023.0,10023.0,10023.0
mean,87.22557830810547,334.1300964355469,3.398583173751831,2728.630859375,51.48748016357422,-0.020852040499448776,-0.0064850845374166965,17.341215133666992,1.2035318613052368,-0.04349995031952858,1.5168113708496094,2.0869998931884766
std,444.239990234375,1566.0079345703125,11.903610229492188,18108.388671875,1354.7750244140625,0.20680932700634003,0.25712332129478455,35.330169677734375,1.370455265045166,0.25604525208473206,7.633485317230225,58.17807388305664
min,-1.0,-1.0,-1.0,-1.0,-1.0,-1.0,-1.0,-1.0,-1.0,-1.0,-1.0,-1.0
25%,9.0,180.0,1.0,12.0,0.0,0.0,0.0,2.0,1.0,0.0,0.0,0.0
50%,36.0,265.0,1.0,21.0,0.0,0.0,0.0,4.0,1.0,0.0,0.0,0.0
75%,80.0,319.0,2.0,77.0,13.0,0.0,0.0,18.0,2.0,0.0,0.0,0.0
max,23816.0,77185.0,595.0,263987.0,76993.0,4.0,5.0,812.0,46.0,2.0,600.0,5682.0
