,precision,recall,f1-score
,0.9874439461883409,0.9883303411131059,0.9878869448183042
