,precision,recall,f1-score
,0.9787430683918669,0.9506283662477558,0.9644808743169399
